-1;-1
-2;-3
-2;1
0;-2
0;-1
2;0
-2;-2
-3;-2
-3;-2
-1;-2
-1;0
-1;-1
0;-1
2;-2
-3;-1
2;-2
-2;-1
1;-1
-1;2
-1;0
-4;2
-3;-1
-6;-1
1;-2
1;0
-1;1
0;-3
-2;0
2;1
0;-1
-1;0
4;-2
0;1
-1;-2
1;0
3;-2
0;-3
-4;-2
-1;-2
-1;0
-3;-1
0;-2
0;-3
-1;2
3;0
-1;-2
-2;-1
-1;-2
2;-1
0;-1
-1;-3
-1;-1
0;-1
0;-2
2;1
0;-2
1;2
-1;-2
-2;-2
1;2
1;2
3;2
0;-2
0;0
-2;1
4;1
-1;1
1;1
-1;-3
1;-2
-4;-1
0;-1
-5;-2
-3;1
-1;1
-3;0
2;-2
-4;0
1;-2
-4;-2
3;-4
-5;-1
0;1
-5;0
-2;1
4;1
1;-4
1;-2
-4;-2
2;-2
1;-1
3;-4
-1;-1
0;2
0;-1
3;-1
2;1
2;0
-1;-4
0;1
2;-2
2;-2
-2;2
1;-2
-3;2
0;1
0;-3
-1;-2
0;3
4;-7
-6;2
1;1
-2;-6
2;4
0;-6
3;3
-1;0
2;-4
-6;4
-4;0
1;-2
-1;2
-3;1
3;-1
-2;2
0;-2
-1;0
-4;-3
1;-1
-2;-1
2;-3
0;1
2;-3
-1;-1
1;2
-3;-3
2;1
-3;0
0;-3
-5;0
3;1
-2;0
-2;0
-1;-12
-4;0
3;5
4;-9
-2;1
1;0
1;-5
-3;-1
-1;-6
1;-1
-3;-2
2;-2
1;-1
1;-3
5;-2
1;-3
1;-1
-4;-1
0;0
-2;-1
-2;-1
-2;-3
0;-2
-2;1
0;0
-3;0
-2;-3
1;-2
-2;-5
2;-2
5;-2
1;2
-3;0
-1;-1
2;-1
-4;1
2;0
0;-2
-1;3
1;-3
-1;-3
0;1
-4;0
-2;-1
3;-1
1;-2
-1;0
0;-2
1;0
1;-3
0;-2
-2;-1
-4;-1
1;-1
0;-1
-1;-1
-1;1
-1;0
1;-1
0;0
0;-3
0;-3
5;-3
-2;-1
2;-2
-2;2
-1;0
-3;0
-1;-4
1;-3
-1;2
4;0
-5;-1
1;0
1;-3
3;-3
2;1
-4;3
3;0
2;-1
1;-3
-3;2
1;1
2;-4
-4;-1
1;1
-3;-1
-4;-1
2;-1
-5;-2
0;0
-3;0
-1;0
-2;-3
2;-1
-4;-3
-1;-3
0;-3
2;0
3;1
-4;-1
2;-5
2;-4
-1;0
0;0
-3;-2
-1;2
1;-4
3;-2
-3;-2
1;-2
-6;4
1;2
2;2
-1;-2
1;-3
3;2
1;-1
-2;-1
4;-4
1;-2
3;-5
-2;0
-3;0
-4;3
0;3
2;2
0;3
-1;-1
1;-1
-1;-1
-8;2
1;0
-1;-5
-3;-2
6;0
1;2
-1;3
3;6
1;5
-2;2
-6;4
-3;8
-7;9
2;8
-13;3
4;5
2;6
-1;8
-3;5
-17;-14
11;15
-48;4
52;6
-3;8
-2;-14
-2;-4
12;-6
3;-2
7;6
6;-6
9;-3
3;-6
5;-2
4;-11
4;-13
15;-13
9;-10
4;-6
15;-8
8;-6
3;-3
3;-4
5;-6
3;2
7;2
-6;4
7;1
10;0
5;10
-5;6
3;-6
6;1
1;-5
-3;1
-5;-5
2;-2
1;-4
-2;-1
-3;-2
-3;0
3;-1
7;-1
-4;-1
4;-1
-3;-4
4;-3
1;-2
0;-4
3;0
-2;1
0;0
0;-3
-1;-4
0;-1
2;0
-1;-6
1;-1
-1;1
1;-3
4;-2
3;-5
1;-4
-2;-2
0;1
1;0
2;-3
-2;-4
-1;3
-7;2
-5;2
-7;-1
1;-4
-1;0
-1;-2
2;1
-4;-1
1;-5
5;-1
-1;-2
8;-2
0;-2
1;-4
4;-1
4;-3
0;-4
-3;-2
2;-1
6;-2
0;-2
-3;-4
-1;0
4;5
5;4
5;-4
-4;12
0;62
3;46
-2;23
2;32
7;20
-17;9
-70;3
-148;5
-139;2
-137;-5
-127;-16
-109;-20
-159;-24
-153;-35
-150;-43
-153;-52
-170;-56
-165;-61
-174;-60
-182;-76
-192;-85
-196;-91
-205;-101
-201;-105
-213;-112
-214;-121
-206;-123
-219;-128
-225;-132
-238;-139
-244;-147
-251;-153
-257;-165
-257;-172
-263;-174
-274;-181
-280;-188
-284;-194
-288;-202
-295;-212
-300;-218
-304;-217
-310;-228
-314;-232
-316;-236
-331;-243
-330;-248
-338;-255
-339;-260
-359;-271
-353;-286
-364;-289
-362;-293
-370;-309
-379;-328
-381;-355
-378;-380
-370;-425
-358;-437
-367;-437
-358;-456
-365;-456
-374;-470
-363;-481
-372;-485
-384;-490
-390;-500
-395;-505
-404;-510
-404;-512
-405;-515
-418;-518
-421;-451
-382;-253
-324;-144
-260;44
-181;80
-110;90
-67;88
-53;92
-86;112
-133;145
-151;185
-153;254
-144;275
-109;288
-100;300
-96;307
-106;303
-93;299
-97;287
-81;270
-86;256
-87;208
-64;194
-74;195
-66;206
-42;213
-29;210
-23;203
-6;195
46;96
46;96
88;38
98;-104
106;-148
112;-173
113;-178
110;-174
127;-167
128;-162
140;-160
134;-164
132;-164
120;-161
110;-150
98;-136
93;-110
88;-84
81;-59
79;-34
76;-15
70;11
66;11
54;38
47;51
39;62
24;73
21;77
14;78
14;82
-4;86
-2;88
-5;88
3;90
2;88
1;88
14;85
15;85
22;80
30;75
35;45
37;37
46;30
52;32
53;23
47;12
44;-6
41;-26
42;-37
29;-43
21;-40
22;-45
13;-47
4;-48
1;-40
1;-37
-15;-30
-20;-19
-29;-11
-31;5
-45;12
-44;28
-48;34
-55;41
-61;51
-62;56
-68;64
-64;63
-60;69
-61;69
-48;62
-39;56
-27;49
-5;44
-1;38
9;38
21;33
24;32
28;32
20;33
21;34
15;35
17;34
18;33
24;22
23;15
30;14
24;8
33;8
31;14
26;23
24;23
19;37
10;46
2;58
-14;71
-19;82
-35;101
-56;118
-76;153
-110;178
-147;211
-287;348
-287;348
-482;498
-633;599
-699;654
-834;769
-901;834
-970;895
-1096;954
-1153;1020
-1153;1078
-1259;1127
-1295;1216
-1340;1259
-1373;1301
-1423;1335
-1440;1367
-1486;1401
-1514;1432
-1544;1485
-1568;1510
-1576;1517
-1589;1532
-1609;1547
-1617;1560
-1619;1558
-1627;1550
-1626;1539
-1554;1524
-1532;1508
-1492;1473
-1453;1430
-1413;1397
-1271;1299
-1198;1223
-1053;1134
-979;949
-887;850
-782;759
-689;675
-600;601
-504;525
-416;462
-340;384
-279;312
-201;246
-80;128
-37;128
4;37
40;37
67;-28
98;-55
125;-81
151;-100
181;-122
195;-142
201;-173
224;-187
233;-197
245;-210
245;-217
251;-221
249;-220
249;-209
245;-201
242;-197
240;-197
238;-189
235;-192
232;-200
245;-210
263;-228
297;-300
335;-369
335;-369
335;-369
520;-597
682;-697
753;-802
831;-919
933;-1023
1006;-1222
1094;-1307
1168;-1385
1230;-1457
1304;-1457
1425;-1592
1484;-1656
1596;-1774
1633;-1881
1682;-1906
1733;-1936
1802;-1969
1835;-1986
1869;-1997
1892;-2005
1922;-2002
1998;-1999
2015;-1989
1996;-1979
1974;-2067
1965;-1936
1969;-1942
1964;-1925
1962;-1922
1950;-1928
1942;-1935
1953;-1950
2003;-1965
2024;-1980
2028;-1991
2042;-2037
2051;-2051
2069;-2071
2067;-2083
2072;-2090
2067;-2088
2088;-2098
2112;-2117
2112;-2163
2134;-2174
2152;-2186
2182;-2197
2200;-2208
2228;-2220
2231;-2227
2279;-2229
2286;-2228
2289;-2239
2282;-2219
2274;-2201
2257;-2189
2224;-2174
2187;-2151
2163;-2123
2123;-2083
2088;-2034
1933;-1916
1833;-1788
1785;-1713
1738;-1557
1685;-1474
1617;-1386
1613;-1303
1520;-1201
1457;-221
1330;-943
1257;-785
1191;-708
1120;-630
1043;-554
952;-476
867;-400
644;-325
532;-254
419;-182
313;-110
215;-48
136;42
79;75
35;75
8;113
-26;120
-99;118
-139;112
-180;108
-250;112
-331;132
-434;230
-566;301
-715;391
-1031;571
-1185;652
-1452;734
-1577;810
-1693;883
-1803;948
-1919;1066
-2040;1133
-2135;1193
-2209;1246
-2298;1297
-2350;1350
-2412;1393
-2469;1434
-2544;1491
-2589;1516
-2627;1561
-2661;1638
-2688;1684
-2735;1730
-2763;1778
-2809;1827
-2826;1895
-2867;1936
-2884;2087
-2876;2199
-2852;2269
-2793;2416
-2794;2478
-2751;2544
-2704;2602
-2660;2643
-2614;2686
-2551;2726
-2457;2755
-2235;2782
-2135;2798
-2060;2792
-1979;2771
-1894;2731
-1791;2667
-1671;2570
-1463;2476
-1367;2367
-1262;2243
-1150;2012
-1020;1907
-924;1803
-822;1677
-623;1369
-526;1207
-424;1058
-339;922
-276;791
-215;661
-165;405
-84;302
-44;212
-11;127
24;52
50;-22
73;-77
89;-127
107;-167
159;-198
192;-233
245;-306
292;-356
352;-411
417;-480
417;-480
617;-648
728;-736
728;-830
1048;-913
1145;-1073
1315;-1149
1399;-1310
1455;-1369
1521;-1421
1568;-1465
1619;-1501
1619;-1539
1619;-1573
1700;-1597
1687;-1635
1677;-1644
1677;-1650
1651;-1652
1616;-1649
1613;-1646
1522;-1641
1477;-1631
1436;-1615
1389;-1572
1337;-1540
1281;-1505
1222;-1465
1164;-1416
1024;-1355
961;-1292
882;-1222
697;-1056
602;-965
515;-864
418;-652
320;-538
216;-423
121;-307
2;-182
-199;-57
-293;66
-398;189
-492;415
-590;415
-677;630
-775;753
-861;854
-952;950
-1027;1046
-1193;1138
-1265;1228
-1349;1331
-1423;1428
-1564;1609
-1626;1809
-1702;1809
-1768;2008
-1849;2112
-1913;2215
-1980;2313
-2075;2412
-2101;2502
-2125;2585
-2144;2647
-2167;2733
-2159;2743
-2142;2728
-2119;2693
-2087;2649
-2005;2593
-1946;2515
-1853;2427
-1770;2323
-1676;2187
-1576;1915
-1445;1777
-1191;1480
-1083;1304
-952;1144
-721;991
-500;718
-407;587
-321;443
-244;226
-179;131
-111;48
-56;-22
0;-81
92;-138
129;-185
173;-226
211;-274
256;-311
306;-350
367;-396
430;-461
502;-525
650;-682
722;-765
800;-870
872;-950
945;-1035
1016;-1117
1082;-1188
1138;-1249
1242;-1356
1325;-1441
1360;-1470
1388;-1490
1417;-1509
1443;-1520
1465;-1532
1486;-1538
1495;-1550
1512;-1565
1517;-1576
1531;-1577
1537;-1573
1525;-1572
1523;-1563
1525;-1547
1505;-1523
1477;-1505
1448;-1483
1418;-1430
1365;-1394
1319;-1342
1268;-1285
1204;-1225
1099;-1093
1050;-1024
999;-952
934;-884
798;-756
687;-597
571;-546
518;-493
461;-448
411;-399
364;-347
298;-292
252;-241
147;-134
147;-76
53;-19
2;42
-54;97
-102;153
-157;206
-213;257
-281;309
-370;452
-449;452
-648;631
-782;755
-936;904
-1130;1060
-1349;1239
-1576;1439
-1827;1656
-2084;1893
-2901;2695
-3177;2974
-3433;3245
-3683;3520
-3893;3772
-4068;3998
-4222;4150
-4296;4249
-4315;4277
-4192;4261
-4228;4234
-4273;4218
-4252;4220
-4184;4215
-4213;4325
-4220;4195
-4232;4189
-4205;4182
-4223;4193
-4228;4216
-4202;4176
-4226;4169
-4220;4153
-4213;4150
-4215;4151
-4199;4133
-4206;4134
-4184;4129
-4202;4128
-4196;4123
-4191;4113
-4181;4120
-4178;4096
-4182;4113
-4178;4113
-4167;4116
-4171;4122
-4159;4146
-4145;4096
-4137;4102
-4128;4119
-4123;4121
-4125;4125
-4134;4138
-4112;4104
-4109;4146
-4102;4147
-4092;4151
-4099;4156
-4080;4151
-4085;4163
-4075;4176
-4062;4184
-4065;4192
-4032;4196
-4025;4192
-4029;4273
-4036;4367
-4019;4196
-4026;4188
-4015;4231
-4018;4232
-4014;4227
-4011;4229
-4001;4236
-4001;4253
-4009;4260
-4009;4261
-4011;4270
-4001;4275
-4028;4282
-4024;4281
-3997;4224
-4016;4273
-4041;4282
-4026;4276
-4031;4276
-4043;4272
-4025;4238
-4042;4269
-4063;4271
-4044;4263
-4055;4254
-4078;4258
-4070;4250
-4082;4239
-4085;4236
-4087;4222
-4095;4223
-4102;4216
-4110;4210
-4120;4201
-4122;4195
-4163;4185
-4149;4179
-4133;4163
-4183;4153
-4154;4151
-4169;4143
-4156;4136
-4178;4156
-4173;4109
-4179;4135
-4170;4135
-4165;4123
-4163;4122
-4171;4096
-4164;4094
-4165;4088
-4165;4073
-4163;4068
-4153;4059
-4165;4057
-4150;4048
-4143;4050
-4146;4049
-4150;4041
-4144;4032
-4134;4027
-4142;4031
-4122;4038
-4144;4035
-4122;4035
-4120;4038
-4107;4125
-4104;4038
-4108;4031
-4092;4049
-4100;4051
-4075;4047
-4062;4053
-4058;4059
-4039;4031
-4043;4076
-4028;4083
-4007;4086
-4017;4090
-4016;4098
-4017;4100
-3996;4104
-3988;4108
-3985;4114
-3985;4117
-3978;4132
-3957;4134
-3973;4154
-3961;4143
-3932;4131
-3940;4143
-3935;4132
-3905;4127
-3904;4137
-3895;4153
-3875;4159
-3882;4168
-3870;4171
-3873;4166
-3873;4164
-3859;4161
-3866;4143
-3842;4132
-3812;4099
-3797;4084
-3788;4070
-3765;4048
-3734;4027
-3736;3920
-3698;3922
-3679;3976
-3678;3963
-3651;3928
-3618;3871
-3596;3842
-3574;3818
-3517;3789
-3483;3758
-3432;3736
-3385;3694
-3346;3661
-3315;3626
-3247;3589
-3176;3549
-3029;3477
-3029;3436
-2821;3353
-2767;3300
-2673;3174
-2492;3106
-2415;3035
-2342;2973
-2232;2906
-2138;2699
-1794;2559
-1794;2297
-1306;2052
-1034;1737
-790;1401
-553;1034
-420;578
-354;443
-275;337
-25;228
70;107
183;-49
277;-162
359;-316
445;-405
523;-508
595;-599
706;-731
754;-793
754;-874
833;-945
940;-1022
996;-1092
1038;-1152
1077;-1207
1147;-1296
1175;-1355
1197;-1373
1210;-1387
1215;-1396
1206;-1396
1198;-1387
1163;-1364
1132;-1338
1091;-1298
1046;-1209
954;-1157
898;-1105
808;-1016
721;-928
614;-834
521;-732
409;-623
288;-531
162;-377
28;-238
-441;270
-622;466
-803;674
-993;903
-1199;1104
-1407;1457
-1624;1739
-1852;2023
-2074;2314
-2558;2586
-2807;3147
-3340;3678
-3581;3912
-3781;4115
-3961;4323
-4102;4520
-4243;4671
-4274;4745
-4261;4709
-4276;4706
-4290;4695
-4250;4683
-4260;4684
-4261;4688
-4270;4686
-4246;4677
-4252;4673
-4253;4665
-4255;4646
-4246;4680
-4250;4669
-4235;4666
-4246;4698
-4242;4697
-4236;4684
-4227;4671
-4225;4675
-4231;4674
-4217;4688
-4218;4681
-4201;4690
-4198;4694
-4198;4701
-4182;4704
-4176;4709
-4176;4716
-4179;4717
-4160;4738
-4152;4736
-4143;4754
-4145;4752
-4149;4782
-4125;4755
-4119;4751
-4116;4759
-4113;4759
-4113;4759
-4108;4800
-4081;4803
-4095;4804
-4075;4807
-4072;4813
-4080;4811
-4069;4811
-4062;4821
-4077;4797
-4064;4813
-4058;4812
-4047;4813
-4065;4806
-4051;4898
-4066;4812
-4066;4804
-4069;4791
-4048;4789
-4052;4782
-4057;4772
-4079;4764
-4072;4764
-4076;4755
-4049;4746
-4084;4740
-4087;4733
-4078;4721
-4065;4716
-4066;4710
-4068;4700
-4050;4689
-4055;4686
-4056;4691
-4064;4672
-4051;4680
-4055;4684
-4044;4659
-4035;4637
-4035;4622
-4026;4603
-4018;4586
-4021;4566
-4006;4551
-4010;4544
-3974;4534
-3941;4525
-3918;4512
-3856;4517
-3827;4478
-3798;4465
-3776;4443
-3758;4443
-3728;4526
-3684;4462
-3657;4392
-3576;4367
-3527;4360
-3527;4339
-3437;4317
-3395;4302
-3345;4250
-3304;4260
-3246;4229
-3201;4191
-3134;4118
-3007;4064
-2925;4007
-2834;3944
-2728;3867
-2604;3771
-2485;3665
-2346;3543
-2194;3241
-1835;2789
-1614;2789
-1158;2327
-932;2090
-685;1821
-464;1502
-273;1204
-153;891
-58;618
25;301
132;212
227;96
278;3
298;-46
289;-109
267;-127
231;-141
166;-137
132;-120
100;-100
34;-56
2;-30
-27;-13
-70;2
-107;24
-142;46
-185;78
-270;159
-321;211
-377;276
-435;336
-496;401
-540;458
-589;510
-624;549
-650;580
-666;602
-680;612
-688;621
-646;588
-619;555
-572;516
-518;475
-463;423
-411;374
-347;317
-293;261
-232;156
-172;95
-108;30
-40;-38
132;-115
250;-208
386;-324
551;-460
752;-769
979;-769
1189;-1107
1398;-1288
1850;-1642
2058;-1848
2523;-2050
3015;-2547
3257;-2825
3474;-3332
3721;-3579
3955;-3868
4201;-4131
4399;-4351
4558;-4586
4720;-4768
4883;-4930
5120;-5145
5178;-5211
5280;-5303
5372;-5384
5459;-5450
5485;-5523
5519;-5552
5512;-5515
5528;-5527
5524;-5533
5535;-5517
5511;-5517
5517;-5518
5499;-5531
5521;-5514
5526;-5513
5511;-5523
5494;-5504
5459;-5481
5479;-5507
5456;-5516
5447;-5526
5446;-5532
5426;-5530
5429;-5537
5424;-5547
5403;-5549
5418;-5556
5399;-5565
5407;-5584
5403;-5577
5383;-5580
5370;-5638
5378;-5624
5380;-5594
5368;-5590
5362;-5599
5355;-5610
5365;-5614
5373;-5620
5366;-5622
5358;-5623
5386;-5661
5356;-5626
5395;-5629
5393;-5632
5394;-5628
5415;-5630
5427;-5618
5409;-5611
5440;-5626
5428;-5540
5440;-5570
5441;-5560
5432;-5564
5421;-5557
5394;-5546
5387;-5536
5396;-5532
5383;-5526
5388;-5516
5375;-5394
5403;-5472
5386;-5478
5401;-5470
5370;-5474
5385;-5462
5381;-5457
5369;-5434
5357;-5432
5338;-5399
5347;-5359
5335;-5287
5333;-5272
5321;-5255
5320;-5164
5290;-5147
5268;-5150
5241;-5117
5236;-5086
5120;-5076
5123;-5039
5093;-4956
5077;-5047
5068;-5047
5001;-5046
4976;-5042
4975;-5035
4975;-5033
4962;-5031
4914;-5031
4918;-5024
4931;-5014
4900;-5006
4871;-5000
4871;-4995
4829;-4947
4820;-4955
4802;-5043
4785;-4944
4753;-4889
4748;-4876
4726;-4845
4690;-4833
4659;-4802
4619;-4782
4541;-4755
4541;-4721
4496;-4687
4471;-4617
4438;-4580
4415;-4547
4383;-4537
4333;-4465
4303;-4434
4248;-4399
4218;-4359
4179;-4320
4132;-4254
4110;-4218
4078;-4182
4058;-4144
4017;-4108
3937;-4216
3876;-3999
3831;-4007
3764;-3963
3653;-3912
3287;-3765
3014;-3700
2657;-3526
2146;-3030
2146;-2767
2320;-2623
2563;-2702
2811;-2849
3044;-2981
3261;-3220
3435;-3556
3611;-3805
3804;-3999
4223;-4164
4385;-4422
4548;-4557
4723;-4793
4878;-4803
5053;-4990
5215;-5133
5215;-5280
5593;-5437
5795;-5641
6007;-5883
6054;-6062
6122;-6075
6087;-6087
6087;-6087
6090;-6074
6105;-6083
6083;-6065
6083;-6065
6091;-6068
6131;-6189
6112;-6086
6052;-6075
6025;-6082
6042;-6084
6036;-6091
6039;-6086
5990;-6101
5990;-6105
6005;-6111
5991;-6127
5994;-6159
5981;-6141
5982;-6255
5965;-6129
5974;-6154
5945;-6148
5962;-6141
5955;-6148
5936;-6166
5937;-6159
5935;-6168
5967;-6165
5951;-6168
5940;-6170
5955;-6170
5957;-6178
5947;-6177
5986;-6173
5981;-6173
5977;-6156
5966;-6156
5987;-6185
6000;-6137
6016;-6128
6000;-6143
6000;-6132
5992;-6109
6039;-6102
6033;-6092
6019;-6032
6032;-5984
6005;-6042
5976;-5999
5930;-5982
5941;-6058
5903;-5951
5860;-5867
5826;-5857
5802;-5849
5755;-5834
5766;-5744
5705;-5701
5694;-5657
5652;-5626
5628;-5581
5579;-5519
5484;-5407
5433;-5330
5360;-5172
5241;-5079
5161;-5079
5079;-4826
4959;-4662
4806;-4456
4664;-4237
4533;-4042
4429;-3874
4171;-3743
3927;-3627
3690;-3511
3484;-3211
3081;-2904
2931;-2724
2750;-2536
2585;-2322
2435;-2080
2282;-1857
1928;-1651
1735;-1417
1568;-1194
1332;-924
887;-267
633;-73
400;117
-46;334
-260;526
-461;697
-640;845
-813;1131
-997;1282
-1187;1398
-1394;1563
-1618;1727
-1795;1869
-2112;1991
-2274;2256
-2479;2400
-2691;2518
-2918;2675
-3129;2862
-3312;3002
-3464;3142
-3698;3286
-3891;3447
-4294;3569
-4495;3898
-4674;4053
-4808;4177
-4981;4295
-5257;4512
-5300;4616
-5409;4713
-5406;4798
-5425;4851
-5388;5023
-5426;4881
-5412;4884
-5388;4885
-5398;4883
-5404;4860
-5412;4864
-5397;4873
-5389;4893
-5376;4901
-5394;4902
-5394;4900
-5374;4904
-5359;4913
-5376;4922
-5366;4924
-5363;4923
-5356;4936
-5363;4942
-5348;4945
-5335;4958
-5342;5028
-5322;4926
-5324;4967
-5326;4945
-5302;4920
-5297;4983
-5268;4941
-5262;5005
-5213;5005
-5194;5007
-5155;5015
-5150;5017
-5122;5032
-5090;5032
-5099;5025
-5087;5033
-5069;5022
-5038;5021
-5022;5026
-5021;5065
-5006;5065
-4993;4988
-4988;4975
-4947;4972
-4961;4955
-4938;4937
-4901;4927
-4931;4911
-4917;4920
-4885;4913
-4883;4889
-4900;4877
-4880;4867
-4869;4841
-4831;4823
-4653;4719
-4653;4636
-4441;4522
-4297;4393
-4195;4205
-4215;4208
-4513;5112
-4895;5419
-5048;5616
-5183;5683
-5263;5715
-5216;5703
-5270;5684
-5291;5681
-5278;5680
-5256;5656
-5238;5769
-5253;5659
-5272;5654
-5298;5654
-5279;5660
-5244;5435
-5246;5650
-5270;5668
-5252;5677
-5233;5666
-5246;5669
-5223;5678
-5250;5670
-5238;5680
-5240;5696
-5237;5691
-5236;5713
-5222;5721
-5203;5728
-5229;5745
-5195;5711
-5209;5734
-5187;5703
-5190;5661
-5176;5757
-5141;5757
-5137;5767
-5116;5767
-5081;5772
-5054;5768
-5019;5772
-5012;5775
-5002;5766
-4983;5755
-4956;5733
-4945;5721
-4912;5708
-4853;5648
-4840;5622
-4834;5603
-4776;5579
-4767;5545
-4718;5510
-4679;5489
-4666;5451
-4597;5372
-4543;5331
-4501;5285
-4474;5227
-4378;5142
-4262;5058
-4148;4939
-3974;4790
-3785;4685
-3589;4539
-3395;4391
-2915;4265
-2760;3976
-2539;3799
-2426;3612
-2275;3406
-2098;3203
-1938;2967
-1740;2726
-1347;2460
-1141;1920
-1141;1920
-755;1373
-401;804
-225;557
-76;318
67;135
153;2
218;-151
300;-151
281;-205
225;-216
188;-201
160;-180
140;-157
117;-129
96;-95
89;-57
82;-16
78;26
90;91
126;113
139;126
146;130
145;129
156;124
154;118
154;112
150;106
136;99
114;92
92;84
21;82
-16;78
-55;79
-109;66
-134;48
-154;24
-168;11
-171;-7
-173;-13
-160;-17
-137;-17
-101;-20
-100;-16
-92;-20
-72;-21
-47;-26
-27;-25
-5;-11
10;-11
22;-2
11;2
-21;-3
-56;-5
-118;-28
-203;-68
-330;-223
-473;-223
-630;-494
-805;-641
-1003;-807
-1412;-996
-1635;-1166
-1844;-1341
-2056;-1673
-2428;-2000
-2577;-2168
-2702;-2346
-2821;-2524
-2839;-2663
-2822;-2783
-2849;-2850
-2847;-2898
-2819;-2910
-2862;-2932
-2843;-2935
-2859;-2937
-2877;-2943
-2893;-2947
-2877;-2948
-2877;-2962
-2893;-2964
-2905;-2967
-2911;-2972
-2914;-2990
-2894;-3013
-2892;-2997
-2920;-3015
-2920;-3080
-2917;-3028
-2911;-3013
-2921;-3025
-2921;-3054
-2915;-3044
-2915;-3046
-2925;-3050
-2917;-3063
-2917;-3069
-2913;-3069
-2910;-3073
-2889;-3079
-2887;-3082
-2878;-3087
-2875;-3090
-2867;-3091
-2853;-3095
-2844;-3097
-2819;-3101
-2819;-3108
-2798;-3106
-2789;-3113
-2785;-3113
-2761;-3109
-2756;-3109
-2715;-3107
-2711;-3112
-2683;-3106
-2663;-3104
-2640;-3077
-2625;-3046
-2603;-3023
-2578;-3016
-2568;-3020
-2544;-2942
-2518;-2974
-2491;-2968
-2473;-2947
-2437;-2924
-2371;-2842
-2319;-2782
-2224;-2727
-2176;-2684
-2132;-2625
-2072;-2582
-1988;-2527
-1894;-2347
-1817;-2199
-1722;-2031
-1496;-1874
-1355;-1651
-1179;-1469
-988;-1314
-789;-1183
-411;-943
-329;-821
-266;-564
-235;-449
-222;-335
-219;-233
-203;-139
-192;-52
-178;35
-161;111
-147;177
-137;241
-129;307
-117;370
-98;517
-80;603
-52;697
-5;814
61;955
145;1120
275;1341
416;1532
596;1733
789;1951
1211;2373
1420;2583
1638;2776
2029;3114
2221;3273
2386;3426
2544;3578
2687;3759
2820;3904
3048;4058
3162;4153
3283;4207
3375;4216
3433;4192
3460;4201
3456;4220
3479;4169
3467;4206
3474;4208
3474;4198
3468;4200
3473;4152
3487;4185
3483;4190
3480;4194
3493;4189
3498;4178
3487;4170
3504;4160
3501;4156
3490;4145
3496;4140
3508;4130
3494;4127
3492;4123
3491;4112
3492;4106
3492;4093
3482;4090
3492;4080
3484;4072
3483;4064
3478;4060
3473;4056
3474;4039
3470;4032
3458;4064
3466;4013
3469;4014
3462;4017
3459;4009
3458;4008
3447;3997
3431;3990
3457;3985
3428;3981
3430;3978
3418;3972
3423;3973
3418;3969
3399;3966
3388;3957
3389;4088
3381;3951
3361;3957
3347;3955
3334;4036
3351;3990
3338;3968
3320;3961
3324;3969
3314;3971
3299;3963
3305;3979
3296;3950
3287;3984
3295;3991
3284;3991
3284;4000
3279;4008
3268;4011
3271;4020
3265;4022
3265;4028
3266;4028
3255;4028
3264;4051
3248;4063
3259;4050
3254;4083
3247;4086
3264;4081
3264;4095
3251;4037
3259;4027
3268;4103
3263;4117
3274;4116
3269;4122
3268;4119
3278;4112
3279;4111
3280;4101
3283;4098
3289;4095
3278;4055
3278;4076
3294;4068
3294;4058
3294;4054
3301;4054
3303;4079
3305;4030
3320;4018
3320;4025
3318;4014
3319;4013
3324;4002
3318;3999
3325;3985
3308;3986
3307;3981
3303;3972
3318;3961
3304;3945
3318;3939
3323;3933
3322;3928
3331;3919
3318;3911
3334;3906
3320;3896
3313;3884
3295;3876
3262;3854
3234;3855
3167;3838
3150;3831
3113;3830
3076;3817
3006;3809
2956;3786
2906;3779
2827;3759
2662;3720
2532;3704
2384;3691
2197;3671
1999;3645
1595;3612
1403;3582
1258;3449
1132;3411
1014;3326
902;3231
796;3142
478;2869
366;2671
267;2046
180;1724
100;1351
27;968
-44;670
-168;493
-223;377
-273;279
-333;165
-388;13
-440;-84
-488;-84
-536;-255
-596;-307
-650;-349
-686;-375
-722;-375
-773;-372
-797;-359
-810;-344
-818;-320
-821;-290
-816;-239
-789;-194
-764;-169
-747;-146
-727;-123
-692;-101
-657;-81
-622;-60
-581;-44
-542;-28
-499;-9
-443;6
-387;20
-286;40
-286;40
-196;49
-133;54
-74;64
-46;53
-24;43
-17;22
-3;-11
4;-79
8;-82
15;-79
13;-72
7;-70
7;-68
14;-66
28;-60
26;-59
30;-53
34;-54
28;-49
26;-43
25;-38
25;-35
26;-30
26;-27
24;-24
19;-22
15;-17
22;-15
18;-13
23;-9
57;-70
82;-141
75;-225
58;-293
-11;-281
-93;-202
-218;-64
-464;100
-464;252
-725;545
-851;670
-1009;813
-1180;1007
-1343;1183
-1509;1351
-1694;1523
-1900;1696
-2099;1873
-2290;2088
-2643;2732
-2798;2908
-3073;3061
-3182;3192
-3247;3303
-3297;3367
-3325;3396
-3314;3370
-3284;3377
-3170;3369
-3121;3371
-3095;3358
-3094;3358
-3080;3346
-3064;3325
-3054;3298
-3029;3262
-3022;3246
-3008;3230
-3006;3232
-2976;3228
-2970;3225
-2948;3188
-2918;3201
-2842;3017
-2800;2544
-2764;3001
-2717;2945
-2655;2897
-2615;2849
-2572;2802
-2490;2724
-2432;2675
-2388;2547
-2336;2474
-2266;2391
-2037;2260
-1880;2116
-1697;1927
-1493;1690
-1246;1439
-1025;1079
-772;557
-537;437
-376;389
-219;368
-133;294
23;218
91;142
170;77
262;24
352;18
428;36
479;57
528;78
562;97
610;107
622;139
644;160
665;183
679;207
695;235
699;260
698;292
703;323
703;352
708;417
711;450
715;479
715;505
706;530
694;549
689;561
680;563
658;557
577;497
539;463
502;431
449;383
406;340
345;292
278;242
206;188
111;74
-6;10
-167;-59
-316;-134
-663;-228
-833;-332
-1022;-459
-1231;-611
-1444;-819
-1655;-1047
-1884;-1544
-2127;-1814
-2578;-2097
-2578;-2359
-3012;-2628
-3215;-2890
-3392;-3090
-3563;-3260
-3695;-3466
-3786;-3771
-3833;-3890
-3860;-3998
-3804;-4068
-3818;-4077
-3778;-4104
-3802;-4082
-3802;-4092
-3776;-4078
-3788;-4069
-3789;-4048
-3777;-4049
-3767;-4049
-3791;-4025
-3762;-4025
-3762;-4025
-3785;-4025
-3770;-4005
-3770;-4003
-3773;-3991
-3796;-3975
-3787;-3968
-3791;-3966
-3791;-3966
-3812;-3950
-3811;-3948
-3830;-3947
-3819;-3937
-3840;-3935
-3844;-3925
-3834;-3927
-3851;-3923
-3863;-3924
-3859;-3931
-3870;-3917
-3878;-3908
-3886;-3915
-3892;-3912
-3898;-3912
-3915;-3828
-3925;-3912
-3920;-3920
-3937;-3924
-3930;-3923
-3936;-3930
-3936;-3931
-3948;-3938
-3955;-3940
-3930;-3943
-3952;-3947
-3951;-3953
-3942;-3959
-3945;-3962
-3950;-3983
-3943;-4028
-3943;-3985
-3950;-3990
-3936;-4009
-3945;-4116
-3933;-4017
-3945;-4020
-3935;-4017
-3922;-4008
-3930;-4021
-3934;-4002
-3925;-4037
-3921;-4044
-3914;-4049
-3928;-4058
-3906;-4055
-3906;-4061
-3912;-4064
-3890;-4068
-3893;-4072
-3882;-4077
-3860;-4076
-3870;-4076
-3865;-4078
-3847;-4060
-3852;-4053
-3849;-4048
-3840;-4044
-3834;-4045
-3815;-4044
-3819;-4039
-3820;-4034
-3805;-3978
-3804;-4001
-3798;-4006
-3785;-4026
-3794;-4017
-3775;-4015
-3769;-3985
-3756;-3991
-3756;-3983
-3764;-3971
-3741;-3944
-3750;-3836
-3743;-4364
-3732;-3954
-3737;-3941
-3737;-3923
-3719;-3920
-3726;-3898
-3733;-3898
-3720;-3897
-3718;-3873
-3708;-3873
-3702;-3850
-3712;-3849
-3688;-3839
-3651;-3820
-3670;-3806
-3647;-3806
-3633;-3785
-3613;-3765
-3599;-3748
-3593;-3693
-3552;-3619
-3538;-3578
-3506;-3546
-3494;-3519
-3498;-3491
-3462;-3479
-3456;-3429
-3444;-3416
-3412;-3384
-3412;-3384
-3372;-3305
-3347;-3271
-3335;-3251
-3328;-3229
-3286;-3197
-3264;-3132
-3239;-3092
-3202;-3041
-3121;-2995
-3077;-2917
-3026;-2882
-2971;-2847
-2956;-2790
-2891;-2732
-2838;-2677
-2811;-2622
-2713;-2496
-2655;-2439
-2452;-2246
-2294;-2106
-2207;-2045
-2030;-1914
-1931;-1850
-1829;-1773
-1742;-1638
-1663;-1572
-1452;-1514
-1352;-1445
-1234;-1371
-1128;-1317
-1024;-1265
-902;-1193
-775;-1114
-612;-1037
-436;-895
-25;-803
20;-628
70;-513
79;-391
94;-289
106;-200
116;-133
134;-83
150;-1
143;31
129;69
93;100
14;123
-29;145
-61;164
-73;179
-82;190
-87;196
-80;195
-68;185
-75;176
-70;164
-61;157
-50;149
-30;130
-21;120
-10;105
-7;88
-3;77
-1;68
-5;61
-4;56
-7;50
-1;45
-9;40
-9;38
-5;39
-4;34
-5;53
9;125
32;200
77;321
152;494
280;708
727;931
994;1176
1247;1431
1495;1930
1714;2178
1915;2412
2124;2622
2333;2823
2531;3017
2678;3170
2831;3328
3107;3605
3176;3661
3176;3661
3253;3675
3316;3667
3297;3666
3299;3646
3293;3645
3288;3644
3292;3641
3292;3644
3298;3633
3292;3629
3255;3624
3255;3623
3265;3607
3264;3627
3224;3617
3199;3622
3228;3629
3227;3669
3214;3640
3180;3622
3184;3630
3189;3643
3193;3650
3162;3669
3168;3615
3154;3645
3158;3649
3156;3649
3135;3662
3140;3664
3137;3664
3131;3672
3121;3672
3134;3685
3117;3699
3113;3713
3111;3718
3101;3735
3097;3663
3094;3773
3089;3768
3092;3771
3094;3771
3090;3781
3090;3786
3098;3788
3084;3794
3084;3801
3099;3803
3097;3806
3105;3811
3099;3809
3112;3810
3110;3816
3116;3818
3110;3818
3129;3786
3134;3801
3130;3820
3127;3813
3127;3807
3145;3889
3157;3831
3166;3799
3163;3789
3162;3788
3181;3790
3181;3786
3202;3778
3187;3771
3204;3764
3208;3764
3205;3755
3210;3751
3198;3742
3202;3741
3187;3731
3178;3723
3185;3711
3178;3700
3167;3698
3169;3692
3182;3681
3181;3669
3178;3665
3177;3659
3189;3690
3187;3695
3196;3614
3202;3588
3195;3589
3198;3605
3212;3595
3198;3578
3200;3577
3194;3573
3177;3565
3186;3561
3189;3558
3182;3552
3183;3552
3189;3551
3187;3546
3170;3537
3175;3536
3171;3538
3167;3500
3163;3531
3163;3528
3149;3528
3148;3530
3150;3536
3139;3538
3144;3488
3136;3498
3120;3536
3106;3545
3109;3552
3112;3551
3096;3553
3083;3555
3057;3559
3024;3560
3003;3557
2994;3546
2978;3548
2928;3545
2923;3540
2896;3538
2842;3528
2807;3519
2734;3502
2722;3505
2687;3496
2656;3487
2621;3478
2587;3371
2569;3474
2531;3430
2517;3417
2479;3389
2413;3373
2325;3332
2325;3315
2226;3292
2130;3273
2087;3244
2032;3221
1952;3163
1884;3125
1757;3072
1701;3018
1611;2944
1598;2857
1494;2748
1439;2635
1386;2533
1274;2444
1224;2363
1158;2180
1067;2085
853;1902
746;1816
684;1734
618;1642
519;1536
454;1376
377;1340
294;1315
205;1176
133;1101
76;1027
-13;870
-36;793
-51;722
-69;650
-102;580
-142;394
-158;335
-160;288
-165;233
-157;185
-152;136
-140;86
-134;35
-123;-18
-117;-123
-103;-170
-105;-205
-97;-225
-92;-226
-84;-212
-79;-186
-75;-167
-64;-146
-64;-137
-55;-131
-46;-116
-51;-100
-49;-77
-48;-51
-48;-21
-46;-1
-54;24
-57;37
-62;47
-64;66
-61;75
-64;76
-66;82
-66;87
-64;92
-64;98
-66;96
-59;61
-55;38
-55;53
-49;55
-49;51
-49;42
-47;26
-51;9
-44;0
-46;-10
-42;-4
-36;5
-35;19
-31;26
-24;27
-26;19
-23;8
-27;-2
-21;-11
-22;-22
-23;-28
-23;-22
-28;-13
-30;7
-33;18
-38;27
-38;34
-44;42
-53;44
-50;53
-54;55
-50;60
-55;54
-51;46
-49;37
-46;21
-46;0
-42;-27
-33;-39
-30;-21
-35;60
-30;104
-27;124
-18;108
1;57
2;-17
11;-80
20;-135
41;-136
41;-134
46;-140
41;-157
41;-173
32;-166
30;-159
22;-143
22;-125
18;-105
16;-86
6;-52
-7;-38
-18;-23
-22;-9
-23;6
-28;19
-34;25
-41;30
-44;32
-47;30
-46;31
-48;27
-50;22
-54;13
-49;11
-53;4
-42;-2
-43;-2
-41;-3
-43;-5
-32;-5
-32;-8
-29;-6
-31;-3
-26;-4
-25;-7
-19;-7
-17;-7
-17;-3
-17;-5
-8;-4
-9;-3
-7;-3
-10;-1
-6;1
-6;5
-9;4
-5;7
0;7
-1;7
3;5
1;4
-7;3
-11;11
-14;27
-10;57
-1;65
-3;56
-14;54
-18;55
-20;66
-19;78
-24;98
-28;98
-30;96
-35;85
-37;82
-39;81
-34;69
-36;63
-34;54
-25;44
-21;22
-12;12
-7;6
1;-4
23;-11
34;-25
53;-37
69;-54
88;-81
99;-90
118;-93
155;-105
159;-118
177;-152
189;-164
193;-174
199;-178
196;-182
204;-186
197;-186
193;-182
178;-171
145;-143
131;-122
119;-103
98;-39
84;-19
63;1
35;41
27;58
16;66
7;72
0;67
-8;56
-8;39
-15;2
-20;2
-9;-41
-5;-54
-2;-68
7;-71
8;-43
16;-22
20;-5
29;9
28;19
23;23
25;30
4;23
-16;10
-51;-12
-102;-19
-154;5
-213;58
-366;143
-366;256
-667;642
-771;743
-885;832
-984;916
-1097;1009
-1204;1098
-1305;1197
-1411;1276
-1497;1354
-1574;1415
-1711;1463
-1776;1511
-1845;1535
-1897;1592
-1942;1592
-1975;1642
-1997;1658
-2022;1666
-2031;1667
-2064;1646
-2064;1632
-2036;1605
-1937;1566
-1861;1430
-1765;1331
-1651;1202
-1517;1079
-1386;958
-1247;847
-1095;727
-959;608
-696;491
-696;371
-458;271
-364;187
-275;105
-124;-109
-68;-163
-20;-201
7;-229
39;-250
55;-260
74;-265
96;-274
118;-280
135;-282
143;-285
159;-292
185;-306
224;-334
276;-372
343;-421
427;-483
637;-645
889;-744
1013;-846
1148;-1051
1284;-1156
1419;-1262
1537;-1364
1638;-1465
1789;-1562
1895;-1655
2109;-1732
2217;-1813
2301;-1921
2373;-1968
2445;-2011
2507;-2054
2551;-2086
2591;-2109
2609;-2123
2621;-2126
2608;-2127
2590;-2106
2577;-2106
2559;-2070
2544;-2055
2515;-2036
2506;-2015
2490;-1994
2447;-1983
2447;-1978
2434;-1979
2384;-1990
2367;-1998
2319;-2020
2282;-2027
2269;-2027
2169;-2028
2128;-2013
2080;-1999
2007;-1981
1964;-1956
1900;-1935
1837;-1919
1754;-1964
1691;-1870
1602;-1777
1602;-1777
1485;-1723
1447;-1697
1393;-1660
1341;-1620
1266;-1576
1225;-1539
1178;-1493
1122;-1456
1075;-1366
1037;-1323
988;-1283
948;-1244
918;-1198
893;-1157
856;-1098
874;-1076
876;-1017
888;-1034
907;-1027
921;-1011
938;-979
916;-937
885;-878
826;-811
755;-718
667;-617
557;-495
447;-249
320;-139
220;-48
130;27
0;86
-53;132
-86;174
-136;208
-163;238
-165;229
-159;208
-93;175
-56;133
-26;89
7;41
39;4
66;-63
100;-92
116;-113
138;-120
119;-118
102;-106
59;-80
3;-45
-67;9
-151;75
-369;333
-487;425
-587;526
-682;629
-865;726
-958;824
-1035;919
-1112;1010
-1184;1092
-1255;1167
-1316;1237
-1376;1356
-1483;1407
-1531;1468
-1573;1510
-1632;1555
-1667;1591
-1694;1634
-1740;1677
-1770;1771
-1837;1823
-1877;1871
-1942;1920
-1942;1920
-2055;2046
-2122;2046
-2177;2189
-2263;2268
-2336;2351
-2494;2528
-2672;2688
-2844;2845
-3021;2983
-3099;3060
-3200;3153
-3285;3227
-3372;3268
-3452;3304
-3540;3377
-3566;3362
-3559;3359
-3543;3356
-3508;3349
-3472;3330
-3456;3254
-3413;3214
-3414;3214
-3427;3184
-3417;3167
-3440;3157
-3429;3154
-3420;3140
-3423;3125
-3423;3110
-3422;3089
-3430;3070
-3424;3037
-3432;3023
-3437;3009
-3424;3000
-3419;2975
-3417;2951
-3399;2922
-3365;2879
-3338;2787
-3307;2748
-3285;2691
-3232;2642
-3196;2573
-3139;2544
-3065;2510
-2954;2512
-2609;2321
-2368;2321
-2147;2295
-2014;2225
-1739;2053
-1558;1711
-1335;1384
-1124;1030
-882;681
-642;433
-491;304
-352;239
-279;192
-181;149
-49;61
-26;-44
53;526
81;629
103;-233
126;-224
114;-215
101;-200
81;-173
75;-146
67;-121
60;-94
57;-73
46;-48
48;-25
42;-7
48;26
48;41
45;50
43;62
37;81
38;93
41;99
45;103
51;106
48;110
44;114
39;128
25;142
13;164
-13;193
-42;240
-78;294
-127;359
-249;427
-320;502
-394;589
-472;749
-545;821
-619;891
-690;955
-740;955
-827;1104
-875;1139
-907;1167
-952;1200
-972;1232
-980;1254
-980;1259
-970;1243
-960;1228
-939;1198
-872;1100
-845;1029
-810;944
-768;849
-715;744
-642;538
-574;538
-484;326
-398;215
-298;109
-104;4
-22;-87
49;-186
120;-260
178;-331
249;-393
310;-513
371;-572
428;-630
490;-691
547;-744
780;-862
865;-920
958;-978
1049;-1100
1136;-1156
1225;-1215
1308;-1273
1384;-1329
1456;-1393
1580;-1508
1580;-1508
1619;-1553
1622;-1602
1637;-1646
1645;-1694
1638;-1702
1614;-1706
1612;-1706
1614;-1702
1591;-1688
1519;-1665
1483;-1640
1446;-1606
1399;-1520
1345;-1472
1239;-1358
1190;-1300
1134;-1236
1074;-1175
940;-1095
887;-1019
769;-863
702;-706
642;-630
572;-557
513;-483
444;-414
315;-342
260;-278
212;-216
164;-162
114;-106
73;-4
35;36
5;82
-26;122
-53;160
-91;202
-128;242
-227;286
-289;331
-346;374
-415;478
-483;526
-612;640
-678;688
-727;742
-777;792
-816;840
-882;885
-907;925
-910;994
-920;1018
-925;1042
-938;1057
-950;1064
-948;1064
-951;1050
-974;1048
-1026;1052
-1034;1078
-1048;1079
-1074;1083
-1109;1089
-1141;1100
-1177;1126
-1199;1164
-1225;1186
-1213;1154
-1177;1094
-793;862
-599;696
-374;508
-174;147
4;147
171;-8
333;-164
477;-303
598;-420
697;-517
861;-671
917;-740
985;-801
1036;-852
1071;-900
1108;-946
1144;-981
1164;-1044
1186;-1059
1203;-1078
1196;-1097
1202;-1109
1191;-1125
1179;-1132
1135;-1137
1104;-1130
1048;-1115
961;-1077
902;-1044
848;-1009
780;-965
706;-923
635;-876
566;-821
499;-771
429;-712
367;-649
221;-587
149;-450
75;-379
12;-310
-58;-236
-131;-158
-209;-79
-281;0
-420;74
-420;144
-539;296
-583;357
-627;417
-659;470
-684;522
-696;556
-705;593
-699;628
-680;692
-678;729
-674;764
-678;822
-685;850
-707;881
-732;915
-764;955
-785;984
-854;1012
-888;1039
-919;1116
-949;1154
-968;1189
-987;1231
-1023;1259
-1040;1287
-1050;1300
-1042;1305
-1034;1292
-1035;1292
-1006;1260
-959;1220
-916;1169
-862;1048
-835;1001
-807;953
-788;898
-787;844
-787;799
-810;745
-853;725
-892;721
-929;725
-955;739
-974;759
-1007;777
-1039;794
-1035;807
-1016;851
-990;865
-963;871
-917;879
-861;890
-657;906
-588;913
-512;912
-436;885
-374;866
-314;849
-263;820
-209;775
-169;775
-134;651
-102;577
-60;495
-40;314
-24;314
-10;127
1;45
8;-29
18;-98
26;-154
39;-203
54;-240
65;-270
65;-294
74;-311
76;-313
86;-306
85;-290
101;-275
139;-264
207;-248
255;-268
317;-301
369;-350
437;-397
488;-452
559;-506
617;-569
738;-625
804;-687
853;-747
910;-858
947;-920
991;-971
1029;-1026
1067;-1073
1102;-1113
1133;-1158
1187;-1198
1215;-1233
1233;-1299
1257;-1333
1266;-1359
1286;-1385
1290;-1402
1302;-1415
1303;-1431
1302;-1436
1301;-1437
1292;-1433
1263;-1426
1252;-1398
1233;-1389
1210;-1376
1198;-1362
1175;-1350
1161;-1337
1149;-1323
1124;-1314
1108;-1295
1092;-1283
1076;-1269
1064;-1236
1064;-1219
1071;-1201
1073;-1181
1071;-1157
1061;-1105
1055;-1073
1046;-1073
1041;-1011
1033;-979
1009;-940
1009;-903
958;-861
958;-861
866;-730
809;-681
756;-628
696;-572
634;-517
575;-448
501;-391
421;-330
346;-280
112;-127
112;-127
-46;34
-107;74
-180;137
-240;197
-306;249
-364;294
-422;336
-482;373
-535;412
-638;471
-685;502
-724;535
-771;576
-802;591
-837;609
-863;635
-894;675
-906;697
-927;726
-926;768
-932;830
-937;842
-929;902
-938;975
-955;993
-946;1035
-941;1119
-950;1187
-941;1212
-923;1228
-914;1240
-902;1261
-908;1271
-906;1268
-904;1265
-901;1253
-930;1250
-970;1250
-1068;1246
-1086;1240
-1105;1230
-1145;1219
-1184;1213
-1234;1215
-1264;1224
-1270;1239
-1312;1262
-1312;1307
-1384;1379
-1395;1469
-1403;1523
-1413;1582
-1435;1606
-1442;1617
-1448;1581
-1392;1515
-1358;1438
-1320;1346
-1290;1262
-1231;1174
-1169;1097
-1109;960
-1027;894
-884;759
-745;692
-693;629
-628;568
-572;514
-514;450
-461;386
-399;318
-341;257
-278;188
-168;67
-118;8
-64;-43
-64;-89
31;-132
67;-169
103;-202
128;-225
128;-236
200;-264
217;-275
241;-310
297;-310
369;-426
417;-480
477;-530
528;-582
596;-636
721;-696
784;-752
853;-867
924;-920
985;-974
1055;-1029
1112;-1076
1174;-1122
1225;-1163
1320;-1202
1369;-1243
1404;-1281
1443;-1316
1477;-1393
1501;-1427
1543;-1457
1580;-1486
1611;-1522
1616;-1547
1650;-1591
1688;-1608
1683;-1614
1692;-1618
1662;-1615
1670;-1610
1642;-1602
1676;-1588
1613;-1573
1615;-1559
1611;-1534
1591;-1513
1546;-1499
1526;-1454
1506;-1428
1490;-1402
1468;-1380
1446;-1350
1391;-1330
1362;-1297
1324;-1268
1295;-1196
1244;-1153
1192;-1110
1139;-1057
1073;-1002
1015;-945
841;-884
649;-775
548;-705
437;-596
331;-399
206;-293
93;-195
-133;-96
-256;12
-360;125
-466;341
-556;433
-650;519
-728;597
-811;645
-887;711
-949;779
-1076;868
-1122;944
-1144;970
-1149;989
-1159;1011
-1159;1040
-1148;1044
-1153;1059
-1163;1079
-1178;1106
-1154;1130
-1134;1164
-1132;1158
-1121;1178
-1110;1228
-1106;1252
-1082;1267
-1053;1269
-1044;1264
-1042;1261
-1040;1257
-969;1242
-891;1065
-777;1065
-626;689
-445;480
-93;61
87;-161
270;-320
413;-448
650;-543
739;-633
811;-707
867;-778
922;-848
973;-958
1017;-1031
1113;-1088
1153;-1141
1203;-1189
1254;-1234
1297;-1270
1343;-1304
1374;-1324
1414;-1348
1434;-1345
1449;-1341
1455;-1328
1445;-1310
1440;-1277
1398;-1244
1353;-1207
1314;-1165
1121;-1009
974;-821
889;-755
765;-682
664;-595
541;-508
295;-416
166;-323
37;-226
-88;-120
-219;94
-360;201
-475;295
-591;386
-693;471
-795;553
-896;631
-984;695
-1148;744
-1228;806
-1286;867
-1347;928
-1425;1033
-1456;1067
-1492;1092
-1492;1120
-1505;1150
-1506;1176
-1501;1205
-1502;1257
-1492;1302
-1476;1345
-1469;1374
-1435;1410
-1415;1443
-1428;1479
-1453;1528
-1455;1591
-1436;1630
-1470;1778
-1483;1816
-1454;1845
-1453;1863
-1463;1866
-1501;1860
-1488;1844
-1471;1812
-1476;1693
-1480;1608
-1487;1508
-1468;1442
-1452;1364
-1436;1284
-1438;1209
-1416;1138
-1394;1069
-1382;967
-1349;931
-1334;916
-1309;906
-1263;899
-1199;882
-1133;872
-1057;875
-899;878
-816;874
-643;791
-539;732
-453;660
-359;565
-273;459
-180;346
-17;229
55;110
132;-125
189;-230
251;-321
251;-321
367;-483
424;-559
489;-635
608;-697
675;-810
740;-864
807;-916
868;-957
999;-1034
1068;-1077
1248;-1173
1310;-1202
1360;-1225
1418;-1243
1480;-1265
1522;-1282
1555;-1297
1620;-1305
1616;-1318
1685;-1335
1699;-1357
1713;-1371
1719;-1380
1715;-1389
1724;-1402
1727;-1407
1723;-1409
1701;-1414
1687;-1416
1670;-1417
1613;-1398
1614;-1391
1608;-1390
1549;-1386
1535;-1379
1525;-1375
1492;-1372
1459;-1366
1428;-1358
1403;-1349
1389;-1341
1298;-1337
1251;-1341
1206;-1341
1134;-1337
1085;-1326
1030;-1303
970;-1274
908;-1233
854;-1180
726;-1110
651;-1035
551;-886
466;-761
379;-651
285;-550
195;-444
99;-345
10;-209
-101;9
-282;101
-368;194
-447;282
-516;369
-583;450
-644;524
-699;595
-747;659
-834;779
-869;779
-901;909
-939;962
-966;1005
-999;1047
-1027;1088
-1067;1129
-1109;1175
-1168;1208
-1283;1273
-1316;1310
-1338;1406
-1368;1456
-1357;1500
-1350;1518
-1323;1555
-1326;1580
-1313;1588
-1265;1601
-1247;1524
-1234;1437
-1217;1343
-1195;1247
-1185;1157
-1186;1050
-1170;947
-1168;848
-1168;703
-1162;648
-1150;639
-1149;651
-1135;681
-1113;736
-1101;794
-1084;864
-1064;933
-1044;1001
-1034;1066
-1032;1164
-1032;1188
-974;1193
-943;1175
-938;1143
-927;1096
-911;1028
-886;933
-853;817
-826;612
-768;612
-721;398
-604;172
-541;62
-462;-27
-379;-108
-308;-180
-232;-244
-157;-302
-71;-353
96;-396
185;-433
259;-505
340;-536
416;-561
478;-574
552;-583
612;-603
677;-620
795;-642
795;-686
913;-716
974;-751
1029;-785
1093;-824
1149;-865
1210;-897
1272;-933
1321;-963
1373;-992
1524;-1088
1567;-1110
1598;-1126
1620;-1145
1616;-1163
1618;-1182
1633;-1199
1680;-1235
1619;-1251
1616;-1263
1610;-1277
1617;-1288
1598;-1294
1551;-1308
1540;-1317
1500;-1341
1479;-1354
1467;-1363
1433;-1390
1394;-1409
1375;-1418
1352;-1419
1315;-1412
1273;-1401
1246;-1384
1198;-1356
1157;-1287
1046;-1241
975;-1188
913;-1121
830;-1043
739;-966
659;-889
568;-798
483;-708
293;-515
201;-411
100;-311
15;-210
-78;-114
-162;-18
-239;66
-313;144
-447;310
-499;379
-542;443
-573;506
-606;556
-626;600
-636;627
-644;658
-639;697
-626;749
-602;763
-582;764
-537;735
-449;735
-393;680
-331;653
-283;626
-235;602
-189;579
-147;556
-121;546
-113;539
-157;550
-214;551
-288;548
-360;534
-431;531
-504;531
-579;542
-651;551
-726;564
-786;585
-853;605
-948;676
-1018;743
-1043;766
-1076;782
-1089;799
-1100;814
-1096;829
-1103;836
-1078;848
-1029;849
-984;845
-875;819
-805;801
-705;777
-602;761
-508;739
-425;713
-261;617
-177;563
-55;449
-11;380
32;303
59;226
87;152
109;87
117;25
124;-36
113;-86
93;-130
69;-168
-13;-228
-53;-245
-104;-270
-158;-297
-222;-332
-285;-370
-359;-417
-431;-461
-482;-507
-575;-552
-616;-615
-647;-683
-669;-735
-682;-778
-721;-867
-735;-905
-755;-949
-764;-991
-788;-1033
-804;-1122
-821;-1160
-830;-1193
-839;-1221
-842;-1249
-843;-1267
-850;-1277
-852;-1285
-837;-1281
-829;-1272
-789;-1232
-766;-1199
-745;-1163
-725;-1119
-692;-1069
-656;-1013
-617;-957
-566;-885
-458;-810
-402;-654
-325;-565
-259;-479
-179;-389
-27;-215
43;-132
118;-39
192;39
261;185
398;251
468;316
539;384
599;451
665;515
718;581
830;696
931;849
1025;989
1059;1052
1096;1122
1129;1181
1197;1280
1220;1324
1247;1373
1275;1408
1296;1440
1312;1440
1356;1484
1374;1494
1375;1480
1380;1479
1392;1499
1396;1493
1409;1512
1417;1511
1419;1509
1419;1483
1418;1447
1419;1428
1422;1393
1414;1340
1397;1285
1377;1225
1350;1151
1309;1074
1214;984
1085;698
1012;598
920;496
828;392
742;295
646;205
563;113
465;30
379;-120
273;-188
175;-248
84;-312
-112;-373
-216;-432
-311;-496
-393;-548
-489;-608
-571;-656
-654;-753
-723;-798
-792;-838
-859;-875
-1022;-936
-1066;-960
-1144;-991
-1169;-1009
-1199;-1015
-1215;-1020
-1228;-1021
-1229;-1020
-1209;-1011
-1205;-992
-1186;-987
-1171;-982
-1160;-973
-1166;-966
-1176;-961
-1170;-954
-1164;-942
-1141;-932
-1142;-907
-1134;-907
-1101;-875
-1075;-859
-1041;-838
-1010;-815
-980;-794
-909;-735
-868;-702
-821;-663
-759;-627
-591;-579
-591;-533
-429;-437
-352;-384
-276;-334
-192;-285
-126;-238
-57;-188
-3;-142
45;-99
80;-61
117;6
147;32
147;55
153;71
143;86
131;94
121;96
105;100
85;102
48;104
35;102
21;101
9;101
7;98
8;101
14;109
15;111
29;116
33;118
43;120
49;121
50;112
44;112
41;106
31;95
26;89
9;84
-6;80
-31;81
-57;90
-126;144
-168;187
-202;236
-249;293
-302;350
-347;406
-404;463
-453;523
-496;641
-522;707
-574;768
-574;768
-604;901
-594;979
-587;1011
-577;1043
-572;1070
-570;1096
-593;1164
-615;1197
-615;1223
-662;1223
-681;1272
-703;1294
-717;1317
-738;1333
-749;1344
-763;1347
-779;1311
-764;1232
-746;1185
-722;1130
-689;1067
-652;1007
-607;931
-568;849
-510;759
-465;578
-350;484
-291;383
-218;284
-165;188
-106;103
-59;27
-12;-41
30;-97
70;-150
122;-226
143;-251
153;-273
165;-286
171;-300
184;-307
199;-313
206;-317
225;-319
241;-323
261;-334
270;-340
309;-350
335;-365
365;-385
403;-406
435;-436
484;-467
577;-590
699;-590
767;-664
823;-697
887;-729
946;-752
1005;-770
1068;-791
1120;-806
1219;-809
1219;-816
1299;-828
1326;-828
1349;-824
1363;-819
1374;-818
1379;-813
1381;-805
1366;-790
1336;-780
1314;-760
1282;-747
1246;-731
1205;-707
1153;-679
1109;-649
1060;-624
935;-586
873;-547
819;-450
745;-392
679;-339
531;-228
453;-179
320;-132
261;-88
206;-46
157;-7
107;51
74;77
46;91
29;107
23;108
13;105
13;94
25;88
25;83
46;75
51;63
50;56
50;56
34;65
-11;78
-32;88
-47;93
-60;97
-77;100
-81;96
-81;89
-67;77
-51;66
-36;54
-20;42
-4;28
9;22
20;17
35;12
37;13
37;13
31;12
18;4
12;-18
8;-23
-3;-35
-7;-36
-25;-40
-22;-48
-31;-54
-30;-49
-30;-42
-32;-38
-27;-30
-27;-21
-25;-17
-20;-8
-12;-1
-13;9
-8;9
-7;15
-12;18
-8;19
-9;21
-18;24
-20;28
-30;28
-40;35
-44;42
-61;65
-69;84
-90;108
-119;139
-153;176
-197;231
-315;296
-400;370
-594;689
-718;841
-855;997
-1026;1170
-1213;1352
-1409;1538
-1845;1753
-2059;1966
-2242;2366
-2433;2570
-2611;2764
-2773;2934
-2894;3096
-3008;3224
-3046;3296
-2892;3327
-2897;3314
-2949;3231
-2934;3209
-2928;3215
-2904;3211
-2931;3204
-2937;3203
-2925;3201
-2920;3200
-2928;3178
-2921;3179
-2916;3229
-2911;3201
-2911;3224
-2916;3246
-2895;3200
-2897;3199
-2901;3203
-2894;3205
-2886;3209
-2899;3216
-2886;3207
-2886;3215
-2878;3210
-2876;3226
-2870;3238
-2856;3238
-2867;3233
-2847;3244
-2850;3249
-2846;3250
-2831;3256
-2824;3276
-2818;3288
-2797;3420
-2802;3140
-2785;3301
-2784;3326
-2778;3336
-2773;3341
-2758;3353
-2763;3354
-2758;3352
-2745;3363
-2725;3376
-2730;3379
-2727;3378
-2730;3381
-2705;3380
-2705;3385
-2704;3378
-2706;3382
-2695;3383
-2683;3383
-2678;3381
-2687;3383
-2677;3383
-2670;3383
-2665;3351
-2664;3375
-2661;3370
-2660;3362
-2655;3354
-2646;3345
-2648;3236
-2635;3249
-2633;3323
-2614;3310
-2601;3303
-2595;3277
-2583;3264
-2544;3254
-2542;3240
-2505;3225
-2504;3207
-2459;3187
-2429;3167
-2434;3154
-2424;3134
-2403;3080
-2364;3057
-2368;3057
-2345;3015
-2340;2995
-2319;2979
-2294;2958
-2279;2938
-2259;2912
-2259;2892
-2235;2850
-2215;2827
-2184;2805
-2201;2781
-2175;2748
-2138;2778
-2116;2709
-2114;2693
-2098;2672
-2077;2643
-2056;2593
-1996;2544
-1964;2592
-1933;2490
-1893;2458
-1864;2403
-1782;2372
-1738;2334
-1738;2302
-1658;2263
-1618;2196
-1572;2196
-1507;2132
-1445;2094
-1411;2061
-1325;2021
-1254;1976
-1158;1927
-1056;1890
-812;1781
-506;1695
-344;1480
-202;1341
-86;1193
-17;1002
26;788
56;559
87;197
97;115
104;72
107;53
112;44
101;45
83;27
83;9
63;-15
32;-37
32;-53
19;-64
13;-60
20;-50
14;-40
16;-30
17;-23
11;-11
7;10
-2;11
-1;18
-6;25
-6;33
-5;36
-4;37
-10;36
-9;35
-9;24
-7;13
1;6
1;3
3;-3
2;-10
6;-16
4;-19
0;-22
-5;-20
-4;-16
-12;-12
-18;-10
-26;-5
-28;-2
-33;-2
-32;-2
-40;-7
-42;-7
-45;-13
-50;-23
-53;-36
-64;-36
-59;-37
-76;-42
-78;-38
-83;-40
-93;-43
-98;-42
-101;-44
-108;-48
-119;-47
-119;-47
-124;-47
-127;-49
-137;-53
-139;-52
-139;-51
-151;-54
-161;-54
-163;-54
-170;-59
-172;-55
-177;-60
-183;-62
-187;-59
-192;-62
-201;-63
-204;-65
-212;-66
-215;-65
-220;-63
-218;-67
-228;-67
-239;-70
-239;-70
-251;-71
-252;-72
-261;-76
-271;-73
-267;-73
-276;-76
-280;-80
-286;-80
-289;-81
-299;-77
-297;-78
-307;-81
-317;-83
-318;-83
-323;-84
-326;-82
-330;-84
-336;-87
-338;-88
-343;-88
-350;-92
-349;-91
-360;-91
-370;-93
-372;-93
-379;-94
-385;-96
-390;-97
-395;-97
-400;-97
-404;-96
-413;-97
-408;-84
-432;-39
-427;9
-427;4
-402;-15
-297;-6
-148;1
50;1
78;0
-34;-8
-15;3
26;3
2;-9
12;-3
-21;-6
16;-6
32;-27
8;-27
7;-18
22;-8
17;-11
7;-14
6;-8
7;-1
9;-1
13;-2
13;-6
18;-4
17;-6
16;-11
20;-12
18;-7
19;-9
22;-12
15;-8
12;-11
-20;-13
116;16
-84;18
-224;-41
254;19
254;19
159;21
-107;-10
-56;-11
47;-2
46;-3
-27;-8
9;12
-2;19
-35;25
25;29
33;-39
-36;-3
-4;9
-4;-7
14;5
7;7
-17;4
-3;-9
13;-5
-7;2
-10;2
7;0
-3;0
-9;0
4;-5
6;-2
0;-2
-12;0
-7;0
-4;3
-2;1
-1;3
2;3
-2;5
-5;1
-4;-1
-4;5
3;2
-8;11
-6;2
-13;1
-7;3
-7;5
-1;4
-13;4
-10;2
-17;0
-4;-5
-24;-4
-8;-3
-13;2
-23;21
-4;29
-33;9
-19;8
1;-11
14;-15
-1;-6
9;-11
5;-13
11;-11
25;2
15;-1
12;-4
12;2
9;-8
17;-11
9;-22
0;-11
7;4
-1;-3
-5;-2
-2;0
11;-7
2;-9
9;-5
1;-2
0;-6
-1;-1
-2;1
3;0
3;0
14;-1
6;-3
0;-14
1;-2
2;-1
-10;-2
-1;-1
2;1
1;1
2;-1
1;-3
-1;-2
1;-4
-2;-1
-2;-2
1;3
1;1
-1;-2
-4;-1
5;-1
0;-4
-1;-5
0;-3
0;-2
1;0
-1;-5
0;-4
-2;-4
-3;-1
-3;2
2;-1
-4;-1
0;-3
-2;-1
0;3
3;-4
-4;3
1;-8
0;2
-6;3
7;-6
2;1
-1;3
3;-9
2;4
-4;2
0;0
-2;3
-1;-3
3;-2
-6;1
1;-2
0;-1
-3;-3
0;-2
-1;2
0;-1
-1;1
0;4
-2;-4
3;-3
-5;0
0;-1
1;1
3;1
0;-1
0;-1
-2;0
2;-1
-3;-4
-1;-1
0;-1
-4;1
2;-3
-1;-3
-3;-2
-3;1
-4;-1
1;0
-6;-3
2;-1
-3;-1
0;-1
-4;-3
1;3
-5;-2
-4;1
-4;2
0;0
-3;1
-1;-3
-2;-2
0;-1
2;-1
1;-1
-2;-1
3;-2
-1;-3
0;0
-4;1
3;-2
2;-1
-1;-2
4;-2
-1;-1
0;-3
-3;-2
-1;0
-3;0
0;-2
-3;0
3;0
2;-4
-1;-2
0;-3
-1;0
-3;-1
-1;-1
-1;-1
-1;-2
-3;-1
0;0
1;1
2;-1
-1;0
-2;-2
-1;-1
-1;-1
1;1
